{"cameraMode":{"drawMode":0,"name":"Shaded","section":"Shading Mode"},"sceneLighting":true,"audioPlay":false,"sceneViewState":{"m_AlwaysRefresh":false,"showFog":true,"showSkybox":true,"showFlares":true,"showImageEffects":true,"showParticleSystems":true,"showVisualEffectGraphs":true,"m_FxEnabled":true},"in2DMode":false,"pivot":{"x":-0.4817124307155609,"y":-0.6793224811553955,"z":0.3752630352973938},"rotation":{"x":-0.0841737762093544,"y":0.8769157528877258,"z":-0.16665726900100709,"w":-0.4429078996181488},"size":12.709650993347168,"orthographic":false}